mean_fit_time,std_fit_time,mean_score_time,std_score_time,param_model__metric,param_model__n_neighbors,param_model__weights,params,split0_test_score,split1_test_score,split2_test_score,split3_test_score,split4_test_score,mean_test_score,std_test_score,rank_test_score
0.00830979347229004,0.0020376558895753836,0.006867361068725586,0.0009434052406271321,euclidean,11,uniform,"{'model__metric': 'euclidean', 'model__n_neighbors': 11, 'model__weights': 'uniform'}",0.7129629629629629,0.7592592592592593,0.794392523364486,0.8037383177570093,0.7663551401869159,0.7673416407061266,0.03187414946054088,1
0.008933115005493163,0.0005435939295248365,0.006448078155517578,0.0008460870725493647,euclidean,11,distance,"{'model__metric': 'euclidean', 'model__n_neighbors': 11, 'model__weights': 'distance'}",0.7129629629629629,0.7685185185185185,0.794392523364486,0.7850467289719626,0.7757009345794392,0.7673243336794738,0.02854302833958605,2
0.00745849609375,0.001448426249398062,0.005834388732910156,0.001111550367107253,euclidean,9,uniform,"{'model__metric': 'euclidean', 'model__n_neighbors': 9, 'model__weights': 'uniform'}",0.7407407407407407,0.7407407407407407,0.794392523364486,0.7476635514018691,0.7757009345794392,0.7598476981654552,0.021555858272152235,3
0.007315158843994141,0.0008066657038101481,0.004959201812744141,0.0009355614260418447,euclidean,9,distance,"{'model__metric': 'euclidean', 'model__n_neighbors': 9, 'model__weights': 'distance'}",0.7407407407407407,0.7407407407407407,0.794392523364486,0.7383177570093458,0.7663551401869159,0.7561093804084458,0.02172329009002846,4
0.007239818572998047,0.0005928151087896052,0.006276702880859375,0.0002621495098993174,euclidean,13,uniform,"{'model__metric': 'euclidean', 'model__n_neighbors': 13, 'model__weights': 'uniform'}",0.7129629629629629,0.7314814814814815,0.794392523364486,0.7757009345794392,0.7476635514018691,0.7524402907580477,0.029399305116479393,5
0.007489013671875,0.0011125953587565651,0.005777692794799805,0.00026188227525693065,euclidean,17,distance,"{'model__metric': 'euclidean', 'model__n_neighbors': 17, 'model__weights': 'distance'}",0.7129629629629629,0.75,0.8037383177570093,0.7850467289719626,0.7102803738317757,0.7524056767047421,0.037514089140948524,6
0.008516311645507812,0.002522594249565248,0.006819295883178711,0.001216746296923206,euclidean,17,uniform,"{'model__metric': 'euclidean', 'model__n_neighbors': 17, 'model__weights': 'uniform'}",0.6944444444444444,0.75,0.794392523364486,0.8037383177570093,0.7102803738317757,0.750571131879543,0.04363700361832947,7
0.009024572372436524,0.00026980786376234073,0.007888412475585938,0.0016479860407636164,manhattan,13,distance,"{'model__metric': 'manhattan', 'model__n_neighbors': 13, 'model__weights': 'distance'}",0.7314814814814815,0.7407407407407407,0.7570093457943925,0.7757009345794392,0.7476635514018691,0.7505192107995846,0.015115882175067093,8
0.008472824096679687,0.0008123569823703811,0.0078277587890625,0.0006935631462446863,manhattan,17,uniform,"{'model__metric': 'manhattan', 'model__n_neighbors': 17, 'model__weights': 'uniform'}",0.75,0.7592592592592593,0.7663551401869159,0.7757009345794392,0.7009345794392523,0.7504499826929734,0.026154026854400946,9
0.008231687545776366,0.0007164844513100919,0.005314445495605469,0.000886485594708897,euclidean,13,distance,"{'model__metric': 'euclidean', 'model__n_neighbors': 13, 'model__weights': 'distance'}",0.7129629629629629,0.7314814814814815,0.7850467289719626,0.7570093457943925,0.7570093457943925,0.7487019730010382,0.0246283914972876,10
0.00901327133178711,0.0005569995770881699,0.007372474670410157,0.00017675695491962756,manhattan,13,uniform,"{'model__metric': 'manhattan', 'model__n_neighbors': 13, 'model__weights': 'uniform'}",0.7222222222222222,0.7314814814814815,0.7663551401869159,0.7850467289719626,0.7289719626168224,0.7468155070958808,0.02450215365826678,11
0.009206485748291016,0.0011629432694241805,0.0054399967193603516,0.0005799707648231456,manhattan,19,distance,"{'model__metric': 'manhattan', 'model__n_neighbors': 19, 'model__weights': 'distance'}",0.7592592592592593,0.75,0.7757009345794392,0.7663551401869159,0.6822429906542056,0.7467116649359641,0.03331879082091574,12
0.009037494659423828,0.0011664235067465594,0.009380292892456055,0.00799104790006024,manhattan,15,distance,"{'model__metric': 'manhattan', 'model__n_neighbors': 15, 'model__weights': 'distance'}",0.7222222222222222,0.7314814814814815,0.7757009345794392,0.7757009345794392,0.719626168224299,0.7449463482173762,0.025418454783656886,13
0.009070158004760742,0.0018365934353276841,0.006636667251586914,0.0006870592612508317,euclidean,19,uniform,"{'model__metric': 'euclidean', 'model__n_neighbors': 19, 'model__weights': 'uniform'}",0.7037037037037037,0.75,0.794392523364486,0.7757009345794392,0.7009345794392523,0.7449463482173762,0.03756141566230023,13
0.011139154434204102,0.004954394869345743,0.006818437576293945,0.0009486506660249768,manhattan,17,distance,"{'model__metric': 'manhattan', 'model__n_neighbors': 17, 'model__weights': 'distance'}",0.7592592592592593,0.7592592592592593,0.7663551401869159,0.7476635514018691,0.6915887850467289,0.7448251990308065,0.027285140914457977,15
0.00737919807434082,0.0014864088144504939,0.00646824836730957,0.0014838307641706228,euclidean,15,uniform,"{'model__metric': 'euclidean', 'model__n_neighbors': 15, 'model__weights': 'uniform'}",0.7037037037037037,0.7129629629629629,0.8037383177570093,0.794392523364486,0.7009345794392523,0.7431464174454827,0.04592635325148772,16
0.01021113395690918,0.000824571758469168,0.011724376678466797,0.008191242036223944,manhattan,15,uniform,"{'model__metric': 'manhattan', 'model__n_neighbors': 15, 'model__weights': 'uniform'}",0.7222222222222222,0.7314814814814815,0.7663551401869159,0.794392523364486,0.7009345794392523,0.7430771893388716,0.0332280488898951,17
0.006815958023071289,0.0012406676593283723,0.005967283248901367,0.0009782825419893402,euclidean,3,uniform,"{'model__metric': 'euclidean', 'model__n_neighbors': 3, 'model__weights': 'uniform'}",0.7129629629629629,0.7407407407407407,0.7570093457943925,0.7570093457943925,0.7476635514018691,0.7430771893388716,0.016257738503533084,17
0.009940814971923829,0.0024502234172606645,0.007103729248046875,0.0009743664214938958,euclidean,15,distance,"{'model__metric': 'euclidean', 'model__n_neighbors': 15, 'model__weights': 'distance'}",0.6944444444444444,0.7129629629629629,0.794392523364486,0.7850467289719626,0.719626168224299,0.741294565593631,0.04049883436246166,19
0.008417272567749023,0.0018804157135250599,0.005956220626831055,0.0012999473476063281,euclidean,19,distance,"{'model__metric': 'euclidean', 'model__n_neighbors': 19, 'model__weights': 'distance'}",0.7129629629629629,0.7407407407407407,0.794392523364486,0.7476635514018691,0.7102803738317757,0.7412080304603669,0.030413109601767074,20
0.00916900634765625,0.001597349547395315,0.007020235061645508,0.00036610114915551983,manhattan,19,uniform,"{'model__metric': 'manhattan', 'model__n_neighbors': 19, 'model__weights': 'uniform'}",0.7407407407407407,0.7407407407407407,0.7663551401869159,0.7663551401869159,0.6915887850467289,0.7411561093804083,0.02730291929808399,21
0.008664560317993165,0.001840952725355245,0.007294178009033203,0.0009560332211697875,manhattan,11,uniform,"{'model__metric': 'manhattan', 'model__n_neighbors': 11, 'model__weights': 'uniform'}",0.7129629629629629,0.7222222222222222,0.7383177570093458,0.7663551401869159,0.7570093457943925,0.7393734856351678,0.020158518563209306,22
0.007901716232299804,0.001548816948473378,0.005876588821411133,0.000562148246238816,euclidean,3,distance,"{'model__metric': 'euclidean', 'model__n_neighbors': 3, 'model__weights': 'distance'}",0.7129629629629629,0.7407407407407407,0.7476635514018691,0.7570093457943925,0.7383177570093458,0.7393388715818623,0.014698587827289224,23
0.007964277267456054,0.0013480172513179356,0.006898689270019531,0.0006126820396010128,euclidean,7,uniform,"{'model__metric': 'euclidean', 'model__n_neighbors': 7, 'model__weights': 'uniform'}",0.7222222222222222,0.7314814814814815,0.7383177570093458,0.7383177570093458,0.7570093457943925,0.7374697127033576,0.011415607725925673,24
0.012026071548461914,0.009426094747779262,0.007249355316162109,0.0010252461312089893,manhattan,9,uniform,"{'model__metric': 'manhattan', 'model__n_neighbors': 9, 'model__weights': 'uniform'}",0.6851851851851852,0.75,0.7383177570093458,0.7757009345794392,0.7289719626168224,0.7356351678781585,0.029693128517463124,25
0.010605621337890624,0.0024509936700398438,0.006479310989379883,0.0007312551378344709,manhattan,11,distance,"{'model__metric': 'manhattan', 'model__n_neighbors': 11, 'model__weights': 'distance'}",0.7222222222222222,0.7129629629629629,0.7383177570093458,0.7476635514018691,0.7476635514018691,0.7337660089996538,0.013950107649433862,26
0.008374643325805665,0.0014037775228653692,0.005322265625,0.0012586560009383828,manhattan,3,uniform,"{'model__metric': 'manhattan', 'model__n_neighbors': 3, 'model__weights': 'uniform'}",0.6944444444444444,0.75,0.7383177570093458,0.7476635514018691,0.7383177570093458,0.733748701973001,0.02022031112476663,27
0.008609724044799805,0.0009377394301159746,0.005236005783081055,0.0006587580429488618,euclidean,7,distance,"{'model__metric': 'euclidean', 'model__n_neighbors': 7, 'model__weights': 'distance'}",0.7222222222222222,0.7314814814814815,0.7289719626168224,0.7383177570093458,0.7476635514018691,0.7337313949463482,0.008663891319338052,28
0.00588531494140625,0.00127201187394292,0.005632448196411133,0.0013749966642128014,manhattan,5,uniform,"{'model__metric': 'manhattan', 'model__n_neighbors': 5, 'model__weights': 'uniform'}",0.6944444444444444,0.7222222222222222,0.7383177570093458,0.7570093457943925,0.7383177570093458,0.7300623052959501,0.020940615424811588,29
0.011448431015014648,0.003908554830603049,0.007110404968261719,0.0014734724525372466,manhattan,5,distance,"{'model__metric': 'manhattan', 'model__n_neighbors': 5, 'model__weights': 'distance'}",0.7037037037037037,0.7222222222222222,0.7383177570093458,0.7570093457943925,0.7289719626168224,0.7300449982692973,0.0176166149109907,30
0.007025671005249023,0.0029939797415289315,0.0059354305267333984,0.002991029764057929,manhattan,3,distance,"{'model__metric': 'manhattan', 'model__n_neighbors': 3, 'model__weights': 'distance'}",0.7037037037037037,0.75,0.7289719626168224,0.7476635514018691,0.719626168224299,0.7299930771893388,0.017390625371011215,31
0.007921171188354493,0.0006846742248174097,0.005851221084594726,0.0003816661448248557,manhattan,9,distance,"{'model__metric': 'manhattan', 'model__n_neighbors': 9, 'model__weights': 'distance'}",0.6759259259259259,0.75,0.7289719626168224,0.7570093457943925,0.7289719626168224,0.7281758393907927,0.028421773904142647,32
0.015894412994384766,0.013028158534011862,0.006657552719116211,0.0016082834431028425,manhattan,7,uniform,"{'model__metric': 'manhattan', 'model__n_neighbors': 7, 'model__weights': 'uniform'}",0.6759259259259259,0.7222222222222222,0.7663551401869159,0.7383177570093458,0.719626168224299,0.7244894427137417,0.029431839193263618,33
0.008369827270507812,0.0004820678540845936,0.005739927291870117,0.0002664388798858316,euclidean,5,uniform,"{'model__metric': 'euclidean', 'model__n_neighbors': 5, 'model__weights': 'uniform'}",0.6944444444444444,0.7222222222222222,0.7289719626168224,0.7289719626168224,0.7383177570093458,0.7225856697819314,0.014974169082128145,34
0.009554529190063476,0.0023382943081874637,0.006148862838745117,0.00043206799830194904,manhattan,7,distance,"{'model__metric': 'manhattan', 'model__n_neighbors': 7, 'model__weights': 'distance'}",0.6759259259259259,0.7314814814814815,0.7476635514018691,0.7383177570093458,0.7102803738317757,0.7207338179300796,0.02556145304786628,35
0.006785535812377929,0.0012927566888975188,0.004361677169799805,0.0007126045747779759,euclidean,5,distance,"{'model__metric': 'euclidean', 'model__n_neighbors': 5, 'model__weights': 'distance'}",0.6944444444444444,0.7222222222222222,0.719626168224299,0.719626168224299,0.7383177570093458,0.7188473520249221,0.014051344610621814,36
