mean_fit_time,std_fit_time,mean_score_time,std_score_time,param_model__C,param_model__gamma,param_model__kernel,params,split0_test_score,split1_test_score,split2_test_score,split3_test_score,split4_test_score,mean_test_score,std_test_score,rank_test_score
0.04905943870544434,0.004242218165406937,0.006076288223266601,0.001101109175377616,1.0,0.1,linear,"{'model__C': 1, 'model__gamma': 0.1, 'model__kernel': 'linear'}",0.8148148148148148,0.8148148148148148,0.794392523364486,0.7850467289719626,0.7102803738317757,0.7838698511595708,0.03858161322792039,1
0.04252877235412598,0.0026528031432224695,0.006693744659423828,0.003133824844896619,1.0,1,linear,"{'model__C': 1, 'model__gamma': 1, 'model__kernel': 'linear'}",0.8148148148148148,0.8148148148148148,0.794392523364486,0.7850467289719626,0.7102803738317757,0.7838698511595708,0.03858161322792039,1
0.04352097511291504,0.002627799854420713,0.008643198013305663,0.0071693754032377075,1.0,0.01,linear,"{'model__C': 1, 'model__gamma': 0.01, 'model__kernel': 'linear'}",0.8148148148148148,0.8148148148148148,0.794392523364486,0.7850467289719626,0.7102803738317757,0.7838698511595708,0.03858161322792039,1
0.042360687255859376,0.005331869701754684,0.004958724975585938,0.0007237439445235469,1.0,scale,linear,"{'model__C': 1, 'model__gamma': 'scale', 'model__kernel': 'linear'}",0.8148148148148148,0.8148148148148148,0.794392523364486,0.7850467289719626,0.7102803738317757,0.7838698511595708,0.03858161322792039,1
0.14278950691223144,0.028501624060817132,0.003934669494628906,0.0012771888157826477,10.0,0.1,linear,"{'model__C': 10, 'model__gamma': 0.1, 'model__kernel': 'linear'}",0.8148148148148148,0.8148148148148148,0.794392523364486,0.7850467289719626,0.7102803738317757,0.7838698511595708,0.03858161322792039,1
0.1502676486968994,0.010997581773242646,0.004298877716064453,0.00030512758708922487,10.0,1,linear,"{'model__C': 10, 'model__gamma': 1, 'model__kernel': 'linear'}",0.8148148148148148,0.8148148148148148,0.794392523364486,0.7850467289719626,0.7102803738317757,0.7838698511595708,0.03858161322792039,1
0.16555304527282716,0.01398595984684094,0.004649543762207031,0.00021014936866196957,10.0,0.01,linear,"{'model__C': 10, 'model__gamma': 0.01, 'model__kernel': 'linear'}",0.8148148148148148,0.8148148148148148,0.794392523364486,0.7850467289719626,0.7102803738317757,0.7838698511595708,0.03858161322792039,1
0.16723451614379883,0.022928359766621203,0.00500636100769043,0.0009698126186911131,10.0,scale,linear,"{'model__C': 10, 'model__gamma': 'scale', 'model__kernel': 'linear'}",0.8148148148148148,0.8148148148148148,0.794392523364486,0.7850467289719626,0.7102803738317757,0.7838698511595708,0.03858161322792039,1
0.4524214744567871,0.07366106176289258,0.002749729156494141,0.00018339738573763882,50.0,scale,linear,"{'model__C': 50, 'model__gamma': 'scale', 'model__kernel': 'linear'}",0.8148148148148148,0.8148148148148148,0.794392523364486,0.7850467289719626,0.7102803738317757,0.7838698511595708,0.03858161322792039,1
0.4489285945892334,0.06779592087185482,0.0032228946685791014,0.00021457658343840521,50.0,0.01,linear,"{'model__C': 50, 'model__gamma': 0.01, 'model__kernel': 'linear'}",0.8148148148148148,0.8148148148148148,0.794392523364486,0.7850467289719626,0.7102803738317757,0.7838698511595708,0.03858161322792039,1
0.4445845603942871,0.05901739622042563,0.0031662464141845705,0.0007281286605585747,50.0,1,linear,"{'model__C': 50, 'model__gamma': 1, 'model__kernel': 'linear'}",0.8148148148148148,0.8148148148148148,0.794392523364486,0.7850467289719626,0.7102803738317757,0.7838698511595708,0.03858161322792039,1
0.4241669178009033,0.06867851599216739,0.003238010406494141,0.000831836257336622,50.0,0.1,linear,"{'model__C': 50, 'model__gamma': 0.1, 'model__kernel': 'linear'}",0.8148148148148148,0.8148148148148148,0.794392523364486,0.7850467289719626,0.7102803738317757,0.7838698511595708,0.03858161322792039,1
0.023909664154052733,0.004003044181808331,0.004761934280395508,0.0004703014457416196,0.1,scale,linear,"{'model__C': 0.1, 'model__gamma': 'scale', 'model__kernel': 'linear'}",0.8055555555555556,0.8148148148148148,0.794392523364486,0.7757009345794392,0.7009345794392523,0.7782796815507096,0.04081011564120721,13
0.028380298614501955,0.0018751811076887013,0.004566287994384766,0.00018506010178854877,0.1,0.01,linear,"{'model__C': 0.1, 'model__gamma': 0.01, 'model__kernel': 'linear'}",0.8055555555555556,0.8148148148148148,0.794392523364486,0.7757009345794392,0.7009345794392523,0.7782796815507096,0.04081011564120721,13
0.030046844482421876,0.0038516944365214775,0.005005025863647461,0.0004856895700046635,0.1,1,linear,"{'model__C': 0.1, 'model__gamma': 1, 'model__kernel': 'linear'}",0.8055555555555556,0.8148148148148148,0.794392523364486,0.7757009345794392,0.7009345794392523,0.7782796815507096,0.04081011564120721,13
0.027040958404541016,0.0008931630560579639,0.004606914520263672,0.00037297708727055946,0.1,0.1,linear,"{'model__C': 0.1, 'model__gamma': 0.1, 'model__kernel': 'linear'}",0.8055555555555556,0.8148148148148148,0.794392523364486,0.7757009345794392,0.7009345794392523,0.7782796815507096,0.04081011564120721,13
0.04726991653442383,0.0106176439914475,0.010759639739990234,0.003282990816985012,1.0,0.01,rbf,"{'model__C': 1, 'model__gamma': 0.01, 'model__kernel': 'rbf'}",0.7777777777777778,0.7870370370370371,0.7757009345794392,0.7663551401869159,0.7289719626168224,0.7671685704395984,0.020197796914692402,17
0.042983388900756835,0.00828154215060654,0.005777883529663086,0.000490282783477194,50.0,0.01,rbf,"{'model__C': 50, 'model__gamma': 0.01, 'model__kernel': 'rbf'}",0.7870370370370371,0.7962962962962963,0.7663551401869159,0.7663551401869159,0.719626168224299,0.7671339563862928,0.026475565088610712,18
0.05066065788269043,0.009154104565967148,0.009385442733764649,0.003466858722137614,10.0,0.01,rbf,"{'model__C': 10, 'model__gamma': 0.01, 'model__kernel': 'rbf'}",0.7777777777777778,0.8148148148148148,0.7757009345794392,0.7476635514018691,0.719626168224299,0.7671166493596401,0.03192564304220957,19
0.046063709259033206,0.005270793661867164,0.008931207656860351,0.0010231066936764498,1.0,scale,rbf,"{'model__C': 1, 'model__gamma': 'scale', 'model__kernel': 'rbf'}",0.7685185185185185,0.7592592592592593,0.7663551401869159,0.7663551401869159,0.719626168224299,0.7560228452751817,0.01846535654631624,20
0.043767452239990234,0.0020194725827106,0.007764101028442383,0.0008337315332950413,1.0,0.1,rbf,"{'model__C': 1, 'model__gamma': 0.1, 'model__kernel': 'rbf'}",0.7592592592592593,0.7777777777777778,0.7663551401869159,0.7570093457943925,0.719626168224299,0.756005538248529,0.0195765041198202,21
0.04374847412109375,0.001255319791026268,0.014351511001586914,0.01157282784056419,0.1,0.1,rbf,"{'model__C': 0.1, 'model__gamma': 0.1, 'model__kernel': 'rbf'}",0.7962962962962963,0.75,0.719626168224299,0.7383177570093458,0.719626168224299,0.7447732779508479,0.028243116147581352,22
0.044936084747314455,0.001974405376541705,0.007993841171264648,0.0011695911992289543,0.1,scale,rbf,"{'model__C': 0.1, 'model__gamma': 'scale', 'model__kernel': 'rbf'}",0.7777777777777778,0.7222222222222222,0.7009345794392523,0.7476635514018691,0.7383177570093458,0.7373831775700934,0.025677375736440376,23
0.0517305850982666,0.0013298824414610345,0.0067097187042236325,0.0008384995557424097,10.0,0.1,rbf,"{'model__C': 10, 'model__gamma': 0.1, 'model__kernel': 'rbf'}",0.6944444444444444,0.7314814814814815,0.7102803738317757,0.7663551401869159,0.7009345794392523,0.720699203876774,0.026035463591851195,24
0.06531882286071777,0.00935797594994223,0.008231735229492188,0.0024583388854684174,10.0,scale,rbf,"{'model__C': 10, 'model__gamma': 'scale', 'model__kernel': 'rbf'}",0.6944444444444444,0.7037037037037037,0.7102803738317757,0.7476635514018691,0.7102803738317757,0.7132744894427138,0.018147768861834446,25
0.07268013954162597,0.005762796683065987,0.005760622024536133,0.0008810382296790314,50.0,0.1,rbf,"{'model__C': 50, 'model__gamma': 0.1, 'model__kernel': 'rbf'}",0.6944444444444444,0.6759259259259259,0.7570093457943925,0.6728971962616822,0.7009345794392523,0.7002422983731394,0.030317099513830156,26
0.07791676521301269,0.010177736022222652,0.014118242263793945,0.003906601222041951,1.0,1,rbf,"{'model__C': 1, 'model__gamma': 1, 'model__kernel': 'rbf'}",0.7037037037037037,0.6666666666666666,0.6822429906542056,0.719626168224299,0.6635514018691588,0.6871581862236067,0.0215836317271992,27
0.06359047889709472,0.008951840725596776,0.008163166046142579,0.0012064067026058862,10.0,1,rbf,"{'model__C': 10, 'model__gamma': 1, 'model__kernel': 'rbf'}",0.7037037037037037,0.6481481481481481,0.6915887850467289,0.6728971962616822,0.6822429906542056,0.6797161647628938,0.01879246652430374,28
0.0462954044342041,0.013290351607763718,0.005711889266967774,0.0014665122389540786,50.0,1,rbf,"{'model__C': 50, 'model__gamma': 1, 'model__kernel': 'rbf'}",0.7037037037037037,0.6481481481481481,0.6915887850467289,0.6728971962616822,0.6822429906542056,0.6797161647628938,0.01879246652430374,28
0.06428203582763672,0.018219468441656794,0.006963253021240234,0.0038115663107181745,50.0,scale,rbf,"{'model__C': 50, 'model__gamma': 'scale', 'model__kernel': 'rbf'}",0.6481481481481481,0.6574074074074074,0.7289719626168224,0.6728971962616822,0.6542056074766355,0.6723260643821392,0.029477357060122385,30
0.04359803199768066,0.0016002660542192748,0.008925533294677735,0.0017430458951561314,0.1,0.01,rbf,"{'model__C': 0.1, 'model__gamma': 0.01, 'model__kernel': 'rbf'}",0.6481481481481481,0.6481481481481481,0.6542056074766355,0.6542056074766355,0.6542056074766355,0.6517826237452404,0.002967536898491202,31
0.05594701766967773,0.004794089679283193,0.010224437713623047,0.0006117769562231424,0.1,1,rbf,"{'model__C': 0.1, 'model__gamma': 1, 'model__kernel': 'rbf'}",0.6481481481481481,0.6481481481481481,0.6542056074766355,0.6542056074766355,0.6542056074766355,0.6517826237452404,0.002967536898491202,31
